{"figolino": {"name": "figolino", "classe": "mage", "ethnicity": "grey-elf", "level": 1, "location": "Sea North", "sprite": "grey-elf-mage.png", "xp": 1, "gold": 1, "soul": 1, "force": 3, "agility": 2, "vitality": 5, "intelligence": 6, "resistance": 2, "skills": ["overload", "arcana recovery"], "health": 7.833333333333333, "energy": 6.333333333333333, "stamina": 6.0, "attack": 3.6666666666666665, "defense": 2.6666666666666665, "dodge": 0.2, "block": 0.2, "critical": 0.1, "luck": 0.1, "c_health": 0.5450000000000004, "c_energy": 3.069999999999956, "c_stamina": 4.125999999999964}, "tester": {"name": "tester", "classe": "warden", "ethnicity": "grey-elf", "level": 1, "location": "Whispering Forest", "sprite": "grey-elf-warden.png", "xp": 14, "gold": 20, "soul": 17, "force": 3, "agility": 2, "vitality": 4, "intelligence": 2, "resistance": 7, "skills": ["fortification", "defense specialist"], "health": 6.333333333333333, "energy": 7.333333333333333, "stamina": 7.5, "attack": 3.6666666666666665, "defense": 7.666666666666667, "dodge": 0.2, "block": 0.7, "critical": 0.1, "luck": 0.1, "c_health": 0.8350000000000006, "c_energy": 7.334999999999865, "c_stamina": 2.1489999999998446}}